<?xml version="1.0" encoding="UTF-8" standalone="yes"?>
<addon id="ch.repo" name="CH Repository" version="1.1" provider-name="Christian Haitian">
    <extension point="xbmc.addon.repository" name="CH Repository">
      <dir minversion="18.9.0">
        <info compressed="false">https://raw.githubusercontent.com/christianhaitian/ch.repo/master/addons.xml</info>
        <checksum>https://raw.githubusercontent.com/christianhaitian/ch.repo/master/addons.xml.md5</checksum>
        <datadir zip="true">https://raw.githubusercontent.com/christianhaitian/ch.repo/master/</datadir>
      </dir>
    </extension>
    <extension point="xbmc.addon.metadata">
      <dir minversion="18.9.0">
        <summary>Christian_Haitian Kodi Add-ons</summary>
        <description>Add-ons for Kodi</description>
        <disclaimer></disclaimer>
        <platform>all</platform>
        <assets>
            <icon>icon.png</icon>
        </assets>
      </dir>
    </extension>
</addon>