<?xml version="1.0" encoding="UTF-8" standalone="yes"?>
<addon id="plugin.video.watchnixtoons2.kodi19" name="WatchNixtoons2" version="0.21" provider-name="WNT2">
    <requires>
        <import addon="script.module.requests"/>
        <import addon="script.module.six"/>
        <import addon="inputstream.adaptive"/>
    </requires>
    <extension point="xbmc.python.pluginsource" library="default.py">
        <provides>video</provides>
    </extension>
    <extension point="xbmc.addon.metadata">
        <summary lang="en">WatchNixtoons2</summary>
        <description lang="en">
Watch cartoons and anime from [COLOR orange][B]www.wcofun.net[/B][/COLOR].

Support the WatchCartoonOnline website with a PayPal donation to:
[COLOR khaki][B]wcohelp@yandex.com[/B][/COLOR]

Add-on originally by doko.
Random updates by lolage.
        </description>
        <disclaimer lang="en">The authors of this addon do not host any of the content found or have any affiliation with the content providers. This add-on only scrapes web pages.</disclaimer>
        <language>en</language>
        <platform lang="en">all</platform>
        <news>[COLOR orange][B]WatchNixtoons2[/B][/COLOR] - Cartoons &amp; Anime

[B]0.21[/B]
- Update common.py to fix ensure_url_schema error thanks to lolage331

[B]0.2[/B]
- Fix latest thumbnails thanks to lolage331
- Update Thumbnail Hashes thanks to lolage331
- Update User Agent thanks to lolage331
- Fix recent thumbnails thanks to lolage331
- Change resolve order due to issues with the m3u8 files thanks to lolage331

[B]0.19[/B]
- fix thumbnails due to URL changes thanks to lolage331
- Update User Agent thanks to lolage331

[B]0.18[/B]
- Only show episodes of selected type thanks to lolage331
- Apply tmdb thumbs to all menu sections thanks to lolage331
- Fix recent thumbnails thanks to lolage331

[B]0.17[/B]
- Fixed movie premium workaround thanks to lolage331
- Fixed show parent REGEX to fix recently watched thanks to lolag331
- Fixed episode REGEX due to South Park thanks to lolage331
- Fixed thumbnails thanks to lolage331
- Updated Thumbnail Hashes and User Agent thanks to lolage331

[B]0.16[/B]
- Fixed stream resolving thanks to lolage331

[B]0.15[/B]
- Fixed stream resolving thanks to lolage331
- Update Thumbnail Hashes thanks to lolage331

[B]0.14.4[/B]
- fix m3u8 streams for wcoflix thanks to lolage331
- Update Thumbnail Hashes thanks to lolage331
- Update User Agent thanks to lolage331

[B]0.14.34[/B]
- :'(

[B]0.14.33[/B]
- sigh

[B]0.14.32[/B]
- Fix addon building again finally?

[B]0.14.31[/B]
- Fix addon building again

[B]0.14.3[/B]
- Fix addon building

[B]0.14.2[/B]
- Convert to lolage331 addon

[B]0.14.2:[/B]
- wcostream - add new movie workaround
- Update Thumbnail Hashes

[B]0.14.1:[/B]
- wcoforever - add domain
- wcofun - fix search
- wcofun - add thumbnails to series search
- wcofun - change to wcoflix
- wcostream - movie workaround is now only limited to movies that are outside movie cat
- Update Thumbnail Hashes
- Update User Agent

[B]0.14.0:[/B]
- Code Tidyup
- Separate Trakt Integration
- Add TMDB thumbnails
- Fix wcostream premium workaround</news>
        <assets>
            <icon>icon.png</icon>
            <fanart>fanart.jpg</fanart>
            <screenshot>screenshot4.jpg</screenshot>
            <screenshot>screenshot3.jpg</screenshot>
            <screenshot>screenshot2.png</screenshot>
            <screenshot>screenshot1.jpg</screenshot>
        </assets>
    </extension>
</addon>
